{
  "name" : "Material Cards Region plugin",
  "version" : "1.2",
  "description" : "Oracle APEX Region Plugin to display material cards with two buttons. There are multiple configurations availble which can help to achive  more. Responsive grid CSS is refered from Ronny Weiß Flip cards Plugin",
  "keywords" : ["PlugIn", "Report","Material","Cards","column grid"],
  "homepage" : "https://github.com/ashishtheapexian/Material-cards/",
  "bugs" : {
    "url" : "https://github.com/ashishtheapexian/Material-cards/issues",
    "email" : "ashishk392@gmail.com"
  },
  "license" : "MIT",
  "author" : {
    "name" : "Ashish Sahay",
    "email" : "ashishk392@gmail",
    "url" : "https://www.ashishsahay.com"
  },
  "repository" : {
    "type" : "git",
    "url" : "https://github.com/ashishtheapexian/Material-cards.git"
  },
 "oracle" : {
    "versions" : ["11.2.0.1", "12.1.0.1"],
    "apex" : {
      "versions" : ["19.2.0"],
      "plugin" : {
        "internalName" : "REGION_TEST56193",
        "type" : "region",
        "demo" : "https://apex.oracle.com/pls/apex/f?p=93690:7",
        "previewImage" : "https://raw.githubusercontent.com/ashishtheapexian/Material-cards/master/Preview.gif"
      }
    }
  }
}
